Link Name,Center of Mass X,Center of Mass Y,Center of Mass Z,Center of Mass Roll,Center of Mass Pitch,Center of Mass Yaw,Mass,Moment Ixx,Moment Ixy,Moment Ixz,Moment Iyy,Moment Iyz,Moment Izz,Visual X,Visual Y,Visual Z,Visual Roll,Visual Pitch,Visual Yaw,Mesh Filename,Color Red,Color Green,Color Blue,Color Alpha,Collision X,Collision Y,Collision Z,Collision Roll,Collision Pitch,Collision Yaw,Collision Mesh Filename,Material Name,SW Components,Coordinate System,Axis Name,Joint Name,Joint Type,Joint Origin X,Joint Origin Y,Joint Origin Z,Joint Origin Roll,Joint Origin Pitch,Joint Origin Yaw,Parent,Joint Axis X,Joint Axis Y,Joint Axis Z,Limit Effort,Limit Velocity,Limit Lower,Limit Upper,Calibration rising,Calibration falling,Dynamics Damping,Dynamics Friction,Safety Soft Upper,Safety Soft Lower,Safety K Position,Safety K Velocity
khung_link,0.00027647637618701,0.0007272561273408,0.0182665292749396,0,0,0,0.53040938109306,0.000545331326737904,-2.19593350022645E-06,-4.74094521197516E-06,0.00126012797791982,3.77325414467036E-07,0.0017708217036986,0,0,0,0,0,0,package://tuan/meshes/khung_link.STL,0,1,0,1,0,0,0,0,0,0,package://tuan/meshes/khung_link.STL,,than xe-1;quechong-2;quechong-1;quechong-4;quechong-3;DC Gear Motor Single Shaft-2;DC Gear Motor Single Shaft-1;Döner Tekerlek - 32 mm-4/masa-1;Arduino-1;L298N Stepper Motor Driver (Red)-1;Battery holder 3х18650.step-1;Döner Tekerlek - 32 mm-4/rulet-1;Döner Tekerlek - 32 mm-4/perçin-1;Servo MG995-3;tang2-1,Origin_global,,,,0,0,0,0,0,0,,0,0,0,,,,,,,,,,,,
cam_Link,-8.04729218518291E-05,0.0326945827187289,-0.00400775928663508,0,0,0,0.000548335908292561,8.68436546113505E-09,-3.33404628986198E-11,4.441663011844E-11,1.94436477455328E-08,-8.06558661533497E-11,2.64816345322523E-08,0,0,0,0,0,0,package://tuan/meshes/cam_Link.STL,0,0,0.784313725490196,1,0,0,0,0,0,0,package://tuan/meshes/cam_Link.STL,,ITG-MPU-2/Placa_Base-1;ITG-MPU-2/8 Header-Pin-1,Origin_linhkien_Joint,,cam_Joint,fixed,0.096119,0.00019777,0.027,1.5708,0,1.5708,khung_link,0,0,0,,,,,,,,,,,,
banhtrai_Link,4.72684254029798E-08,-4.07548286784909E-09,-0.0037567037981216,0,0,0,0.13416937954453,0.000101841766502221,-1.07904074670963E-10,-5.0633960156879E-11,0.000101841499077693,2.9523407279645E-13,0.000189389718517797,0,0,0,0,0,0,package://tuan/meshes/banhtrai_Link.STL,0.792156862745098,0.819607843137255,0.933333333333333,1,0,0,0,0,0,0,package://tuan/meshes/banhtrai_Link.STL,,bãnhedaghep-2,Origin_banhtrai_Joint,Axis_banhtrai_Joint,banhtrai_Joint,continuous,-0.048883,0.083894,-0.011443,-1.5708,0,0,khung_link,0,0,1,,,,,,,,,,,,
banhphai_Link,-3.97304157281897E-08,-2.59251952683393E-08,0.00375670379913846,0,0,0,0.134169379508743,0.000101841616941682,1.71087378721392E-10,-4.44847851556899E-11,0.000101841648631636,-2.41833029569405E-11,0.000189389718512099,0,0,0,0,0,0,package://tuan/meshes/banhphai_Link.STL,0.792156862745098,0.819607843137255,0.933333333333333,1,0,0,0,0,0,0,package://tuan/meshes/banhphai_Link.STL,,bãnhedaghep-1,Origin_banhphai_Joint,Axis_banhphai_Joint,banhphai_Joint,continuous,-0.048883,-0.083498,-0.011443,-1.5708,0,0,khung_link,0,0,1,,,,,,,,,,,,
imu_Link,-0.00200775928663513,-8.04729218506356E-05,-0.00230541728127112,0,0,0,0.000548335908292561,2.64816345322523E-08,4.44166301184894E-11,-8.06558661533692E-11,8.68436546113505E-09,-3.33404628986201E-11,1.94436477455328E-08,0,0,0,0,0,0,package://tuan/meshes/imu_Link.STL,0,0,0.784313725490196,1,0,0,0,0,0,0,package://tuan/meshes/imu_Link.STL,,ITG-MPU-2/Placa_Base-1;ITG-MPU-2/8 Header-Pin-1,Origin_banhtruoc_Joint,,imu_Joint,fixed,0.094119,0.00019777,0.062,0,0,0,khung_link,0,0,0,,,,,,,,,,,,
xoay_Link,-8.58023986264334E-05,0.000258815651789888,0.0117379530876583,0,0,0,0.0615662027185866,3.18500883145394E-05,-2.74361085292195E-08,-6.29829506510279E-08,3.18531475204617E-05,1.89982724092102E-07,4.11895364419481E-05,0,0,0,0,0,0,package://tuan/meshes/xoay_Link.STL,0.792156862745098,0.819607843137255,0.933333333333333,1,0,0,0,0,0,0,package://tuan/meshes/xoay_Link.STL,,dequay-5,Origin_xoay_Joint,Axis_xoay_Joint,xoay_Joint,continuous,-0.0017312,0.00019777,0.0805,0,0,-1.9531,khung_link,0,0,1,,,,,,,,,,,,
tinhtien_Link,0.00486473520035983,0,0,0,0,0,0.00797211454554682,1.11308180188311E-07,3.85466165449711E-21,-2.73061048430713E-22,1.01007420042061E-05,2.73975366783123E-23,1.01362223533023E-05,0,0,0,0,0,0,package://tuan/meshes/tinhtien_Link.STL,0.792156862745098,0.819607843137255,0.933333333333333,1,0,0,0,0,0,0,package://tuan/meshes/tinhtien_Link.STL,,quetinhtien-1,Origin_tinhtien_Joint,Axis_tinhtien_Joint,tinhtien_Joint,prismatic,4.2407E-05,0,0.04125,0,0,1.5708,xoay_Link,1,0,0,0,0,-0.05,0.05,,,,,,,,
